NORAD ID,OBJECT NAME
23245,ARIANE 44L+ DEB
25488,SL-6 R/B(2)
25488,SL-6 R/B(2)
25488,SL-6 R/B(2)
25488,SL-6 R/B(2)
30968,FENGYUN 1C DEB
30968,FENGYUN 1C DEB
30968,FENGYUN 1C DEB
30968,FENGYUN 1C DEB
30968,FENGYUN 1C DEB
30968,FENGYUN 1C DEB
30968,FENGYUN 1C DEB
32345,FENGYUN 1C DEB
32345,FENGYUN 1C DEB
32712,DELTA 2 R/B(2) (PAM-D)
32712,DELTA 2 R/B(2) (PAM-D)
32712,DELTA 2 R/B(2) (PAM-D)
32712,DELTA 2 R/B(2) (PAM-D)
32712,DELTA 2 R/B(2) (PAM-D)
32712,DELTA 2 R/B(2) (PAM-D)
35653,COSMOS 2251 DEB
36219,FENGYUN 1C DEB
39980,SL-14 DEB
39980,SL-14 DEB
42914,TNS 0-2
43163,DOVE PIONEER
43163,DOVE PIONEER
43163,DOVE PIONEER
43163,DOVE PIONEER
43306,COSMOS 1461 DEB
44017,ORBCOMM FM 16 DEB
44053,H-2A DEB
44053,H-2A DEB
44053,H-2A DEB
44131,MICROSAT-R DEB
44131,MICROSAT-R DEB
44131,MICROSAT-R DEB
44131,MICROSAT-R DEB
44149,MICROSAT-R DEB
44152,MICROSAT-R DEB
44152,MICROSAT-R DEB
44152,MICROSAT-R DEB
44152,MICROSAT-R DEB
44153,MICROSAT-R DEB
44201,MICROSAT-R DEB
44202,MICROSAT-R DEB
44202,MICROSAT-R DEB
44202,MICROSAT-R DEB
44214,MICROSAT-R DEB
44214,MICROSAT-R DEB
44218,MICROSAT-R DEB
44221,MICROSAT-R DEB
44221,MICROSAT-R DEB
44326,CZ-11 DEB
44326,CZ-11 DEB
44326,CZ-11 DEB
44326,CZ-11 DEB
44376,OCULUS-ASR SPHERE 1
44377,MICROSAT-R DEB
44377,MICROSAT-R DEB
44380,MICROSAT-R DEB
44380,MICROSAT-R DEB
44380,MICROSAT-R DEB
44380,MICROSAT-R DEB
44380,MICROSAT-R DEB
44384,MICROSAT-R DEB
44384,MICROSAT-R DEB
44384,MICROSAT-R DEB
44444,MICROSAT-R DEB
44468,MICROSAT-R DEB
44468,MICROSAT-R DEB
44473,MICROSAT-R DEB
44473,MICROSAT-R DEB
44473,MICROSAT-R DEB
